Weight Word Length,Activation Word Length,Rank,Optimal Rank Array,Optimal BLEU Score,Compression Ratio
3,8,400,"[[440, 448, 400, 400, 352, 360]]",41.282174142586074,6.826666666666667
3,8,368,"[[408, 416, 368, 368, 320, 328]]",40.882174142586074,7.420289855072464
3,8,336,"[[336, 336, 288, 376, 296, 384]]",40.55335545166904,8.126984126984127
3,8,304,"[[264, 256, 304, 304, 344, 352]]",40.339878619975984,8.982456140350877
3,8,272,"[[280, 256, 272, 213, 369, 242]]",39.991864452952946,10.03921568627451
3,8,240,"[[222, 240, 221, 232, 234, 291]]",39.334976686674786,11.377777777777778
3,8,208,"[[136, 243, 203, 208, 191, 267]]",38.81294624605883,13.128205128205128
