Layer,Tile Size,Steps,MSE,Memory Footprint (Bytes),Compression Ratio,BLEU Score,Character F-score
0,32,6,0.0015024589374661446,1199232.0,2.6231187960294586,39.96893018444124,0.2651134455418006
1,32,6,0.0010824743658304214,1199232.0,2.6231187960294586,40.191301675933374,0.2656347332284521
2,32,6,0.0012190714478492737,1199232.0,2.6231187960294586,39.952061997902796,0.2653003562432389
3,32,6,0.0014303806237876415,1199232.0,2.6231187960294586,40.65675017765146,0.26642224463279307
4,32,6,0.001496101263910532,1199232.0,2.6231187960294586,37.56844141053812,0.26379718149128684
5,32,6,0.0015210984274744987,1199232.0,2.6231187960294586,38.199470373341796,0.26342185034431403
