Weight Word Length,Activation Word Length,Rank,Quant SVD Perplexity,Iterative Quant SVD Perplexity,Compression Ratio
8,8,32,608121.234238548,599294.1379303704,128.0
8,8,64,1202880.7170998969,1130237.889468565,64.0
8,8,96,647199.7085468479,665715.0596786943,42.666666666666664
8,8,128,330131.6457459459,322028.69486980815,32.0
