Model,BLEU Score,Character Fscore
opus-mt-en-de,41.337328250540224,0.26466724407844733
