Model,BLEU Score,Character Fscore
opus-mt-en-de,39.97031664559121,0.2628833025646557
