Weight Word Length,Activation Word Length,Rank,Optimal Rank Array,Optimal BLEU Score,Compression Ratio
3,8,368,"[[387, 382, 364, 365, 334, 376]]",41.99829424193481,7.420289855072464
3,8,336,"[[309, 403, 249, 368, 317, 370]]",41.33404453845843,8.126984126984127
3,8,304,"[[248, 265, 369, 226, 323, 393]]",41.39258644883959,8.982456140350877
3,8,272,"[[280, 268, 241, 207, 374, 262]]",41.24379463795396,10.03921568627451
3,8,240,"[[175, 278, 246, 204, 228, 309]]",39.43411286576914,11.377777777777778
3,8,208,"[[120, 206, 223, 204, 196, 299]]",38.764275983761905,13.128205128205128
