Steps,MSE,Memory Footprint (Bytes),Compression Ratio,BLEU Score
1,0.0026113237707047826,1199232.0,0.06353759765625,3.354703771256551
2,0.002296016596826828,2398464.0,0.1270751953125,4.453343322492417
