Layer,Tile Size,Steps,MSE,Memory Footprint (Bytes),Compression Ratio,BLEU Score,Character F-score
5,64,30,0.001373824857485791,6039360.0,3.1252265140677156,2.1298668582014515,0
5,64,60,0.0006951941953351101,12078720.0,1.5626132570338578,12.223879344608468,0
5,64,90,0.00034799043108553934,18118080.0,1.0417421713559052,35.06978122145342,0
5,64,120,0.00017058543744497,24157440.0,0.7813066285169289,40.34320904806448,0
5,64,150,8.295716179418378e-05,30196800.0,0.6250453028135432,39.60570525406641,0
