Tile Size,Steps,MSE,Memory Footprint (Bytes),Compression Ratio,BLEU Score,Character F-score
32,1,0.0026113237254321575,1199232.0,15.738712776176753,0,0
32,2,0.00031530843504394096,2398464.0,7.869356388088376,0,0
32,3,0.00027229528738340986,3597696.0,5.246237592058917,0,0
32,4,0.00024140842045502117,4796928.0,3.934678194044188,0,0
64,1,0.0010227811289951205,594720.0,31.736561743341404,0,0
64,3,0.00028368348042325425,1784160.0,10.578853914447135,0,0
64,5,0.00021144505687213191,2973600.0,6.3473123486682805,0,0
64,7,0.00016404738804946342,4163040.0,4.533794534763058,0,0
