Tile Size,Steps,MSE,MSE Check,Memory Footprint (Bytes),Compression Ratio,BLEU Score,Character F-score
32,1,0.0027165445242947803,0.0027165445499122143,793344.0,23.790900290416264,1.6246558470063919,0.19049487538413745
64,1,0.00016853629964922826,0.0001685362949501723,394944.0,47.78998541565387,1.4292300454504083,0.1900229311815897
